Ref_BWT:Het_BWA	Ref_BWT:Hom_BWA	Het_BWT:Ref_BWA	Het_BWT:Homo_BWA	Homo_BWT:Ref_BWA	Homo_BWT:Het_BWA
118,29.74:81.51,43.04:94.09,0:0.32	3,1.67:81,3:99,0.02:0.15	5,62.8:68,51.2:19.8,0.05:0.21	18,15.72:93.39,37.67:74.61,0.01:0.32	1,11:55,39:0,0.01:0.32	11,19.36:41.27,31.82:58.73,0.01:0.19
90,30.87:75.9,37.56:91.11,0:0.32	1,3:116,0:99,0.02:0.15	5,21:25.8,56:0,0.05:0.21	23,13.83:83.78,16.78:76.52,0.01:0.32	0,NaN:NaN,NaN:NaN,0.01:0.32	4,6.5:8.75,10.25:29.75,0.01:0.19
127,37.75:77.8,35.4:81.84,0:0.32	6,5.17:69.17,6:70.67,0.02:0.15	15,50.2:55.4,18.53:5.2,0.05:0.21	71,36.99:107.34,49.41:64.8,0.01:0.32	0,NaN:NaN,NaN:NaN,0.01:0.32	25,37.08:55.28,15.04:46.92,0.01:0.19
86,25.56:66.87,39.24:91.47,0:0.32	4,42.75:66.75,27:70,0.02:0.15	1,14:50,99:0,0.05:0.21	20,13.25:84.75,27.45:70.3,0.01:0.32	0,NaN:NaN,NaN:NaN,0.01:0.32	9,13.56:71,24.11:68.78,0.01:0.19
107,29.16:77.65,37:94.3,0:0.32	2,2:68,1.5:90,0.02:0.15	1,206:233,99:0,0.05:0.21	20,10.8:83.4,26.55:85.7,0.01:0.32	0,NaN:NaN,NaN:NaN,0.01:0.32	14,22.71:60.57,34.5:88.07,0.01:0.19
90,24.89:75.97,26.48:90.2,0:0.32	6,1.83:39.83,2:42.33,0.02:0.15	4,30.5:105.25,43.25:28,0.05:0.21	28,17.71:101.57,31.89:81.75,0.01:0.32	0,NaN:NaN,NaN:NaN,0.01:0.32	14,15.57:44.29,31.21:53.29,0.01:0.19
115,26.57:63.5,29.1:91.11,0:0.32	3,3:100.33,3:99,0.02:0.15	2,43.5:69.5,99:0,0.05:0.21	14,18.07:89.5,28.36:73.57,0.01:0.32	1,2:24,6:35,0.01:0.32	12,8.67:25.33,13.17:66.17,0.01:0.19
97,29.85:71.21,33.43:90.47,0:0.32	4,3:88,2.25:99,0.02:0.15	4,21.5:65,20.75:29,0.05:0.21	25,12.6:76.08,25.84:72.08,0.01:0.32	0,NaN:NaN,NaN:NaN,0.01:0.32	13,24.31:56.54,38.23:87.23,0.01:0.19
134,25.64:63.25,30.25:90.58,0:0.32	0,NaN:NaN,NaN:NaN,0.02:0.15	3,9.67:14.67,25.33:19.67,0.05:0.21	17,17:72.06,18.29:74,0.01:0.32	1,2:38,6:0,0.01:0.32	9,24.33:50.44,40.78:75.22,0.01:0.19
93,28.56:81.85,34.98:88,0:0.32	1,1:22,3:30,0.02:0.15	4,16:16,29.25:0,0.05:0.21	10,16.1:75.1,28:69.7,0.01:0.32	1,25:41,32:99,0.01:0.32	9,8.78:46,20.67:76.67,0.01:0.19
118,14.7:42.06,16.83:78.37,0:0.32	3,2:74.33,2:72,0.02:0.15	13,10.92:14.62,40.15:12.62,0.05:0.21	41,17.34:73,25.98:57.27,0.01:0.32	3,11.33:49,28.67:3,0.01:0.32	44,12.45:28.55,26.27:58.89,0.01:0.19
237,13.43:39.43,18.55:74.38,0:0.32	2,2.5:63.5,4.5:57.5,0.02:0.15	37,12.68:18.08,36.65:5.95,0.05:0.21	44,16.75:27.14,16.57:22.77,0.01:0.32	2,26:42.5,52.5:0,0.01:0.32	81,10.2:18.96,18.75:45.51,0.01:0.19
198,15.79:46.39,20.55:75.68,0:0.32	7,4.57:30,1.29:47.43,0.02:0.15	24,13.79:17.75,40.67:4.79,0.05:0.21	45,15.38:35.71,15.64:32.76,0.01:0.32	0,NaN:NaN,NaN:NaN,0.01:0.32	73,8.73:16.08,17.9:34,0.01:0.19
234,13.62:42.77,19.44:76.27,0:0.32	8,2.25:42.62,2.62:42.25,0.02:0.15	20,13:19.95,33.4:13.05,0.05:0.21	41,15.12:47.54,13.88:38.49,0.01:0.32	0,NaN:NaN,NaN:NaN,0.01:0.32	93,6.1:17.77,14.58:51.91,0.01:0.19
247,15.4:46.44,20.2:77.4,0:0.32	5,4:45.2,4.2:54.6,0.02:0.15	22,12.27:24.45,31.32:10.82,0.05:0.21	31,17.68:41.48,19.52:36.58,0.01:0.32	2,1:10,3:0,0.01:0.32	88,7.98:21.55,15.82:56.61,0.01:0.19
248,11.58:34.85,14.09:74.48,0:0.32	8,1.75:43.88,1.12:39.12,0.02:0.15	35,17.57:26.4,33.06:11.57,0.05:0.21	52,16.23:37.1,17.62:34.12,0.01:0.32	0,NaN:NaN,NaN:NaN,0.01:0.32	78,7.51:18.23,17.28:55.63,0.01:0.19
777,6.18:14.72,5.77:64.33,0:0.32	12,1.92:14.25,2.75:20.17,0.02:0.15	148,11.4:17.7,24.61:8.43,0.05:0.21	135,12.5:20.75,13.24:18.15,0.01:0.32	5,2.6:7.4,7.8:1.2,0.01:0.32	285,5.1:11.61,12.28:49.61,0.01:0.19
359,8.53:23.4,8.48:69.94,0:0.32	9,5.22:68.56,8:58.22,0.02:0.15	89,11.33:17.94,31.33:10.17,0.05:0.21	93,14.04:28.97,17.78:26.56,0.01:0.32	2,1.5:4,4.5:0,0.01:0.32	143,7.44:14.46,15.66:43.62,0.01:0.19
316,10.82:28.32,12.61:69.81,0:0.32	4,1.75:35.5,0.75:53.75,0.02:0.15	37,11.81:16.97,30.76:5.35,0.05:0.21	43,14.53:33.02,13.88:31.56,0.01:0.32	2,2.5:27.5,7.5:3.5,0.01:0.32	113,6.75:15.27,13.47:47.43,0.01:0.19
255,14.85:50.81,21.3:78.98,0:0.32	3,2:3.67,4:11,0.02:0.15	26,13.77:21,27.58:16.81,0.05:0.21	38,15.79:30.79,14.34:28.74,0.01:0.32	3,2.67:8.33,8:2,0.01:0.32	73,7.85:17.38,19.01:55.53,0.01:0.19
240,13.66:45.75,17.92:73.79,0:0.32	8,9.12:28.12,2.62:33.12,0.02:0.15	34,16.26:25.85,44.18:3.03,0.05:0.21	20,15.05:36,19.45:35.1,0.01:0.32	2,9:61,60:9.5,0.01:0.32	76,9.79:25.74,18.95:52.26,0.01:0.19
230,18.17:62.14,24.79:78.39,0:0.32	1,1:113,3:99,0.02:0.15	13,24.92:43.31,49.77:25,0.05:0.21	21,15.24:46.33,19.81:34.52,0.01:0.32	0,NaN:NaN,NaN:NaN,0.01:0.32	68,8.21:25.54,16.38:55.12,0.01:0.19
197,21.03:61.54,23.49:77.9,0:0.32	3,2:67.67,2:68,0.02:0.15	21,11.38:20.14,33.9:8.29,0.05:0.21	24,22.38:70.17,12.21:46.38,0.01:0.32	1,2:16,6:0,0.01:0.32	69,4.78:18.52,12.2:62.35,0.01:0.19
208,13.58:44.58,19.9:76.37,0:0.32	6,1.5:65,3.5:55.17,0.02:0.15	10,15.1:22.2,34.2:13.8,0.05:0.21	36,14.56:59.72,20.94:53.39,0.01:0.32	0,NaN:NaN,NaN:NaN,0.01:0.32	72,8.08:24.67,15.25:65.33,0.01:0.19
182,17.56:59.19,25.55:77.21,0:0.32	4,1.5:53.25,3:53.25,0.02:0.15	29,13.28:21.59,27.48:17.41,0.05:0.21	24,18.58:60.71,21.79:46.83,0.01:0.32	4,2.5:28.5,4.5:3,0.01:0.32	64,7.39:24.73,15.34:51.53,0.01:0.19
225,11.61:36.32,16.93:76.67,0:0.32	4,12.25:67.5,25.5:54.75,0.02:0.15	31,12.35:21.26,36.45:9.52,0.05:0.21	36,15.08:35.86,16.56:34.58,0.01:0.32	0,NaN:NaN,NaN:NaN,0.01:0.32	92,4.47:15.1,11.76:51.43,0.01:0.19
223,10.94:33.32,16.45:72.45,0:0.32	3,1.33:70.67,2:73.67,0.02:0.15	35,14.91:22.54,31.37:12.83,0.05:0.21	35,15:38.46,14.2:39.43,0.01:0.32	3,11.33:72,14.33:13,0.01:0.32	93,6.37:15.27,13.3:54.09,0.01:0.19
253,14.58:43.17,21.37:74.74,0:0.32	4,1.5:65.25,3:76.25,0.02:0.15	25,16.32:22.52,37.8:7.28,0.05:0.21	31,17.55:43.35,22.39:45.39,0.01:0.32	1,1:3,3:0,0.01:0.32	92,6.9:21.4,16.95:51.95,0.01:0.19
228,12.76:34.59,15.46:72.68,0:0.32	4,2:33.75,0.75:42,0.02:0.15	26,23.42:37.04,40.23:10.92,0.05:0.21	44,16.82:31.18,14.09:24.95,0.01:0.32	0,NaN:NaN,NaN:NaN,0.01:0.32	82,8.82:19.34,16.99:47.48,0.01:0.19
360,10.55:32.05,14.2:76.39,0:0.32	4,1.5:78.5,3:99,0.02:0.15	41,14.17:29.29,30.46:12.54,0.05:0.21	47,15.43:36.26,12.09:40.38,0.01:0.32	4,2:5.25,5.75:0,0.01:0.32	115,5.11:15.84,13.64:58.03,0.01:0.19
209,11.99:34.66,17.15:71.1,0:0.32	3,4:49.67,1:36.67,0.02:0.15	18,13.33:26.17,30.89:6.11,0.05:0.21	31,13.45:38.13,18:41.35,0.01:0.32	0,NaN:NaN,NaN:NaN,0.01:0.32	79,6.87:16.51,14.34:49.85,0.01:0.19
260,12.32:38.52,15.66:74.43,0:0.32	4,1.75:80,3.75:78,0.02:0.15	27,21.3:32.26,28:11.3,0.05:0.21	38,19.37:42.39,16.92:35.32,0.01:0.32	0,NaN:NaN,NaN:NaN,0.01:0.32	89,6.04:16,14.27:51.61,0.01:0.19
346,10.6:34.52,13.5:76.12,0:0.32	9,8.44:48.44,14:51.67,0.02:0.15	34,12.85:23.35,25.62:14.71,0.05:0.21	23,15.39:40.35,13.39:42.52,0.01:0.32	1,2:3,6:0,0.01:0.32	104,7.07:22.86,16.2:63.54,0.01:0.19
375,8.98:30.16,9.92:77.9,0:0.32	6,1.83:87.17,3:69.83,0.02:0.15	30,14.53:32.53,41.7:17.2,0.05:0.21	38,10.74:33.58,17:40.42,0.01:0.32	0,NaN:NaN,NaN:NaN,0.01:0.32	145,5.35:19.26,12.57:65.37,0.01:0.19
252,12.68:43.05,17.91:76.76,0:0.32	4,1.25:129.25,3.75:77.25,0.02:0.15	18,12.78:26.28,33.89:14.67,0.05:0.21	23,14.04:52.43,18:48.17,0.01:0.32	2,2:4,6:0,0.01:0.32	104,6.64:26.42,14.94:64.2,0.01:0.19
385,10.44:37.49,16.11:78.39,0:0.32	0,NaN:NaN,NaN:NaN,0.02:0.15	28,11.86:26.43,33.68:27,0.05:0.21	29,14.21:44.55,18.34:55.14,0.01:0.32	0,NaN:NaN,NaN:NaN,0.01:0.32	147,7.64:21.1,14.84:57.67,0.01:0.19
397,7.74:21.16,9.49:67.52,0:0.32	6,2.17:43,1:46.5,0.02:0.15	31,13.13:18.68,40.52:5.84,0.05:0.21	32,10.88:16.31,15.53:15.78,0.01:0.32	0,NaN:NaN,NaN:NaN,0.01:0.32	128,6.46:14.73,15.18:52.68,0.01:0.19
1114,5.89:26.02,6.41:79.82,0:0.32	6,1.67:8.83,2.5:13.33,0.02:0.15	74,10.41:27.34,26.92:37.57,0.05:0.21	74,11.16:35.65,17.99:50.88,0.01:0.32	3,2:13,6:0,0.01:0.32	430,4.61:20.02,12.07:71.44,0.01:0.19
1368,4.47:15.08,5.62:66.68,0:0.32	10,1.4:10.2,3:17.5,0.02:0.15	59,10.14:21.86,24.39:21.47,0.05:0.21	63,9.63:20.71,17.62:25.02,0.01:0.32	11,4:13.45,10.82:5.27,0.01:0.32	648,3.88:12.98,10.68:61.04,0.01:0.19
840,5.67:17.29,6.69:69.12,0:0.32	8,1.88:21.62,2.62:31.88,0.02:0.15	56,9.52:18.57,31.18:14.43,0.05:0.21	67,9.85:22.07,15.31:28.36,0.01:0.32	0,NaN:NaN,NaN:NaN,0.01:0.32	271,5.27:13.94,13.23:55.66,0.01:0.19
446,8.9:30.69,11.15:76.13,0:0.32	7,9.29:43.71,5.86:54.71,0.02:0.15	36,13.97:27.86,40.11:14.14,0.05:0.21	29,7.86:21.52,16.97:31.28,0.01:0.32	0,NaN:NaN,NaN:NaN,0.01:0.32	164,5.55:16.24,12.61:62.71,0.01:0.19
468,8.37:29.7,9.22:76.73,0:0.32	3,1.33:31.67,2:68,0.02:0.15	31,12.45:30.74,40.52:12.55,0.05:0.21	36,13.47:30.28,20.03:37.53,0.01:0.32	0,NaN:NaN,NaN:NaN,0.01:0.32	175,6.21:18.91,14.97:68.37,0.01:0.19
1061,5.15:18.79,6.76:71.89,0:0.32	7,3.29:9.71,7.14:6.43,0.02:0.15	55,12.11:25.29,30.38:21.42,0.05:0.21	49,11.71:27.51,12.43:39.53,0.01:0.32	2,1.5:10.5,4.5:0,0.01:0.32	469,4.37:15.86,11.71:63.06,0.01:0.19
545,7.35:24.1,8.52:75.12,0:0.32	2,3:74.5,0:50.5,0.02:0.15	40,14.28:27.38,31.8:11.85,0.05:0.21	36,11.56:37.75,17.39:47.94,0.01:0.32	2,2:14,6:3,0.01:0.32	198,5.65:17.55,13.36:62.68,0.01:0.19
1291,4.61:16.66,6.13:69.43,0:0.32	9,1.67:14,2.33:25.78,0.02:0.15	74,9.97:21.54,25.91:16.61,0.05:0.21	52,11.92:26.19,14.42:33.1,0.01:0.32	3,1.67:9.67,5:2,0.01:0.32	537,4.08:13.34,11.02:60.8,0.01:0.19
865,5.97:19.54,6.97:72.72,0:0.32	3,6.67:9,1:9.33,0.02:0.15	54,11.76:24.33,24.2:24.91,0.05:0.21	44,10.98:27.93,16.14:32.64,0.01:0.32	0,NaN:NaN,NaN:NaN,0.01:0.32	300,5.31:15.6,12.89:58.5,0.01:0.19
514,7.07:25.08,8.86:76.7,0:0.32	7,2.43:44.86,7.14:64.14,0.02:0.15	22,20.77:41.27,37:22.64,0.05:0.21	38,14.16:28.39,13.11:31.03,0.01:0.32	2,2:15,6:18,0.01:0.32	182,5.05:16.24,11.67:61.23,0.01:0.19
1078,4.94:15.89,6.82:66.7,0:0.32	7,1.29:5.86,2.57:11.57,0.02:0.15	55,10.05:19.29,30.25:14.64,0.05:0.21	42,9.93:21.79,17.33:24.55,0.01:0.32	1,8:41,7:51,0.01:0.32	478,4.53:13.83,11.72:58.89,0.01:0.19
530,7.65:25.71,9.07:73.79,0:0.32	4,1.5:32.25,2.25:68.75,0.02:0.15	35,12.6:26.14,32.37:24.86,0.05:0.21	38,13.5:22.58,22.08:24.66,0.01:0.32	1,2:12,6:0,0.01:0.32	183,5.27:15.44,11.78:55.95,0.01:0.19
490,7.26:21.33,8.71:70.17,0:0.32	4,4.5:58.75,2.5:51.25,0.02:0.15	37,11.43:22.32,27.76:13.27,0.05:0.21	30,12.53:21.3,8.9:24.5,0.01:0.32	0,NaN:NaN,NaN:NaN,0.01:0.32	168,4.76:12.94,12.48:55.37,0.01:0.19
522,7.43:25.13,9.01:75.14,0:0.32	5,5.2:9.2,7.2:6.4,0.02:0.15	29,9.76:20.69,29.38:18.59,0.05:0.21	38,12.53:30.34,13.84:34.5,0.01:0.32	4,8:19.5,21:10.5,0.01:0.32	204,5.95:17.22,13.25:63.11,0.01:0.19
175,19.29:61.41,21.65:80.18,0:0.32	7,7.43:124.86,3.86:99,0.02:0.15	22,26.68:34.95,26.23:12.27,0.05:0.21	46,29.67:71.87,14.59:51.46,0.01:0.32	1,63:97,39:99,0.01:0.32	36,15.25:39.97,25.94:55.94,0.01:0.19
823,5.9:18.75,6.65:71.47,0:0.32	5,3.6:8,0.6:20.2,0.02:0.15	64,12.36:24.77,25.64:19.81,0.05:0.21	63,12.79:30.86,16.14:36.7,0.01:0.32	1,20:39,5:0,0.01:0.32	335,4.49:13.64,11.88:58.86,0.01:0.19
144,25.22:79.69,32.01:81.61,0:0.32	7,2.14:127.57,3.86:94.71,0.02:0.15	22,24:40.68,28.27:15.05,0.05:0.21	48,20.1:63.06,19.04:53.4,0.01:0.32	1,4:5,12:9,0.01:0.32	53,10.64:34.3,18.98:64.02,0.01:0.19
1095,5.63:23.27,6.92:78.52,0:0.32	3,2.67:16,5:30.67,0.02:0.15	66,11.33:28.82,24.77:34.27,0.05:0.21	65,14.23:38.48,16.25:49.86,0.01:0.32	1,1:10,1:29,0.01:0.32	398,4.6:18.51,11.28:70.5,0.01:0.19
664,7.03:26.1,8.89:77.05,0:0.32	7,1.57:35.43,3:32.71,0.02:0.15	42,10.67:24.33,26.26:26.21,0.05:0.21	53,11.55:24.85,14.25:28.85,0.01:0.32	1,2:3,6:0,0.01:0.32	257,5.05:18.12,12.82:67.82,0.01:0.19
478,8.88:31.75,11.1:78.53,0:0.32	4,1.5:60.75,3:52.5,0.02:0.15	35,11.26:28.66,28.74:24.37,0.05:0.21	47,12.96:32.64,12.26:39.43,0.01:0.32	2,5.5:16.5,16.5:21,0.01:0.32	161,5.8:20.38,14.12:67.64,0.01:0.19
157,25.12:71.29,27.37:78.31,0:0.32	6,3.5:139.83,2.83:77,0.02:0.15	17,33.35:42.88,40.24:32.18,0.05:0.21	49,30.14:85.1,21.76:51.67,0.01:0.32	3,13:103.33,16.33:5,0.01:0.32	54,12.19:23,16.72:51.76,0.01:0.19
180,25.63:73.81,33.04:83.43,0:0.32	6,2.33:98.5,2:81.17,0.02:0.15	20,32.6:43.85,27.1:30.7,0.05:0.21	45,33.2:76.84,21.27:51.91,0.01:0.32	2,35:22,8:25,0.01:0.32	40,7.85:32.95,19.9:66.15,0.01:0.19
196,19.57:66.58,27.67:76.12,0:0.32	7,1.86:112.71,4.71:95.43,0.02:0.15	37,24.35:35.24,30.68:15.3,0.05:0.21	77,26.19:60.69,23.87:37.04,0.01:0.32	0,NaN:NaN,NaN:NaN,0.01:0.32	72,11.25:20.76,15.92:43.31,0.01:0.19
1097,5.56:19.29,7.16:72.94,0:0.32	13,1.38:20.77,3:32.85,0.02:0.15	62,10.85:22.89,28.68:17.85,0.05:0.21	68,11.06:33.4,17.12:41.96,0.01:0.32	3,4:15.33,11.67:11.33,0.01:0.32	423,4.34:15.53,11.33:66.02,0.01:0.19
1378,4.63:16.75,5.89:70.39,0:0.32	9,1.89:9.44,2.67:14.67,0.02:0.15	70,8.87:21.17,25.9:22.74,0.05:0.21	54,9.94:24.8,18.28:31.46,0.01:0.32	5,7.2:13.2,10.4:0.6,0.01:0.32	606,3.94:14.5,10.69:63.11,0.01:0.19
801,5.29:17.61,6.63:69.79,0:0.32	6,1.67:33.5,2.5:47.5,0.02:0.15	45,9.16:19.71,26.6:19.31,0.05:0.21	52,12.81:29.67,13.29:38.75,0.01:0.32	4,2:10.25,5.75:2,0.01:0.32	348,4.47:14.33,12.11:61.31,0.01:0.19
209,14.97:47.89,21.56:78.29,0:0.32	9,4.33:68.56,8.67:71.89,0.02:0.15	77,32.56:47.43,28.81:25.97,0.05:0.21	117,28.83:58.22,17.8:48.24,0.01:0.32	1,15:107,99:1,0.01:0.32	64,8.72:20.91,15.61:53.44,0.01:0.19
150,22.87:72.93,25.9:75.37,0:0.32	6,1.83:58.33,1:82.5,0.02:0.15	22,20.32:36,36.73:14.32,0.05:0.21	64,18.38:68.42,21.34:40.89,0.01:0.32	0,NaN:NaN,NaN:NaN,0.01:0.32	44,25.45:43.68,34.61:37.25,0.01:0.19
123,26.65:85.28,34.72:80.42,0:0.32	9,2.22:184.56,4.33:99,0.02:0.15	17,20:38.12,37.35:11.18,0.05:0.21	33,21.24:100.61,25.7:72.82,0.01:0.32	0,NaN:NaN,NaN:NaN,0.01:0.32	43,21.23:39.84,23.56:57.49,0.01:0.19
556,7.61:27.81,9.06:74.08,0:0.32	4,1.25:12.5,3.75:12.5,0.02:0.15	42,16.36:41.79,38.38:22.48,0.05:0.21	41,12.39:32.98,16.78:41.22,0.01:0.32	0,NaN:NaN,NaN:NaN,0.01:0.32	204,4.61:17.3,11.16:65.75,0.01:0.19
125,29.98:93.18,34.42:82.76,0:0.32	3,2.67:179.33,6:99,0.02:0.15	13,22.31:60.31,43.46:18.92,0.05:0.21	38,32.18:118.34,33.45:64.34,0.01:0.32	0,NaN:NaN,NaN:NaN,0.01:0.32	31,13.55:30.19,23.06:42.45,0.01:0.19
156,20.81:71.52,30.04:77.47,0:0.32	2,1.5:115.5,4.5:99,0.02:0.15	23,20.78:31.39,30.7:15.22,0.05:0.21	48,32.77:95.9,29.42:55.6,0.01:0.32	0,NaN:NaN,NaN:NaN,0.01:0.32	40,5.88:17.57,14.7:48.27,0.01:0.19
192,20.8:64.86,27.05:84.59,0:0.32	3,1.67:80,3:71.33,0.02:0.15	16,36.12:46.88,32.19:24.38,0.05:0.21	62,28.85:53.52,16.21:39.55,0.01:0.32	1,7:8,21:0,0.01:0.32	50,9.62:22.86,15.78:49.98,0.01:0.19
131,25.58:80.56,26.12:85.56,0:0.32	14,9.07:108.21,8.79:78.43,0.02:0.15	10,14:18.7,39.2:3.5,0.05:0.21	38,22.66:92.68,21.79:62.39,0.01:0.32	0,NaN:NaN,NaN:NaN,0.01:0.32	41,5.56:17.76,10.88:40.12,0.01:0.19
147,22.23:68.82,29.95:77.6,0:0.32	2,65:98,51:99,0.02:0.15	19,21.68:34.21,20:17.68,0.05:0.21	43,25.4:97.05,26.81:66.74,0.01:0.32	3,18.33:31,23:7.67,0.01:0.32	46,12.35:32.5,20.67:44.59,0.01:0.19
126,31.81:103.88,37.96:79.94,0:0.32	13,2.69:121.46,5.54:86.92,0.02:0.15	13,26.15:34.08,27.54:11.77,0.05:0.21	51,26.02:74.31,22.57:49.04,0.01:0.32	1,6:37,17:99,0.01:0.32	34,13.85:29.32,24.18:64.59,0.01:0.19
785,7.28:25.34,8.94:74.6,0:0.32	19,1.84:38.68,3.79:52.16,0.02:0.15	602,20.72:40.75,34.03:48.38,0.05:0.21	766,18.88:46.09,25.58:52.18,0.01:0.32	0,NaN:NaN,NaN:NaN,0.01:0.32	240,6.3:19.75,13.7:61.55,0.01:0.19
205,14.85:75.55,16.83:88.48,0:0.32	7,11.43:129,22.29:81.14,0.02:0.15	22,17.82:49.95,22.77:53.32,0.05:0.21	53,17.26:90.02,18.72:83,0.01:0.32	1,4:68,12:0,0.01:0.32	53,8.38:30.23,16.89:62.3,0.01:0.19
312,11.16:45.99,12.38:83.84,0:0.32	3,1.33:23.67,2:37.33,0.02:0.15	33,16.64:41.03,23.7:44.7,0.05:0.21	105,17.53:50.75,15.99:55.27,0.01:0.32	0,NaN:NaN,NaN:NaN,0.01:0.32	91,6.41:25.89,15.71:67.11,0.01:0.19
655,7.18:30.16,7.78:82.79,0:0.32	6,6.5:24.17,4.5:35,0.02:0.15	31,10.74:27.1,21.19:36.39,0.05:0.21	45,12.42:37.71,19.76:46.02,0.01:0.32	4,7.25:18.5,4.25:0.5,0.01:0.32	223,5.02:21.87,11.8:71.01,0.01:0.19
1190,4.96:17.67,6.82:69.87,0:0.32	5,1:8.8,3:16.6,0.02:0.15	54,8.87:20.44,27.02:17.02,0.05:0.21	50,9.86:22.24,13.5:29.1,0.01:0.32	2,2:3,6:0,0.01:0.32	584,3.96:14.17,10.9:63.29,0.01:0.19
983,6.71:25.31,7.47:77.21,0:0.32	13,4.46:42.38,2.85:50.92,0.02:0.15	613,18.85:42.56,33.9:51.95,0.05:0.21	739,17.6:48.8,24.07:56.16,0.01:0.32	3,17.33:30.67,30.33:2,0.01:0.32	359,5.33:20.28,13.06:66.9,0.01:0.19
415,8.43:43.78,9.98:86.12,0:0.32	9,2.78:84.67,6:52.33,0.02:0.15	79,18.72:46.08,24.82:64.43,0.05:0.21	138,18.14:66.72,17.86:70.74,0.01:0.32	0,NaN:NaN,NaN:NaN,0.01:0.32	129,7.71:31.23,15.59:72.33,0.01:0.19
369,9.66:55.58,10.41:89.14,0:0.32	8,1.88:116,4.38:81,0.02:0.15	64,19.02:50.62,30.14:67.94,0.05:0.21	138,16.76:64.83,19.12:71.57,0.01:0.32	1,5:25,13:15,0.01:0.32	103,6.88:36.19,15.75:75.92,0.01:0.19
553,7.44:56.45,7.29:92.67,0:0.32	9,7.22:80.11,9.78:57.89,0.02:0.15	84,17.35:55.76,28.88:79.95,0.05:0.21	182,15.54:89,18.36:86.23,0.01:0.32	0,NaN:NaN,NaN:NaN,0.01:0.32	139,5.17:35.59,12.55:84.73,0.01:0.19
494,8.28:62.66,9.45:94.09,0:0.32	9,6.56:157.56,9.67:74.44,0.02:0.15	63,15.27:53.73,26.21:81.7,0.05:0.21	155,15.22:82.88,17.48:86.28,0.01:0.32	0,NaN:NaN,NaN:NaN,0.01:0.32	165,5.59:34.76,14.68:84.69,0.01:0.19
1186,5.06:16.79,6.59:68.85,0:0.32	4,1.5:4.75,2.5:9.25,0.02:0.15	40,9.93:21.07,24.73:21.55,0.05:0.21	51,11.41:27.14,16.14:32.1,0.01:0.32	6,3.33:8.67,13:3,0.01:0.32	515,4.05:13.01,10.89:61.01,0.01:0.19
701,6.53:39.72,6.2:91.12,0:0.32	9,1.44:105.89,2.33:72.56,0.02:0.15	126,15.31:48.05,28.19:68.1,0.05:0.21	259,13.99:62.87,19.3:77.02,0.01:0.32	2,12.5:61,37:27,0.01:0.32	223,5.15:29.99,13.3:77.38,0.01:0.19
1205,5.02:18.57,5.25:77.78,0:0.32	6,3.67:12,3.33:25.5,0.02:0.15	41,11.46:30.63,27.15:28.73,0.05:0.21	45,10.31:26.76,15.47:34.2,0.01:0.32	0,NaN:NaN,NaN:NaN,0.01:0.32	476,4.11:15.01,11.09:68.04,0.01:0.19
1494,4.74:28.71,6.19:87.96,0:0.32	6,4.33:36.33,1.5:47.67,0.02:0.15	37,12.92:38.97,19.38:57.7,0.05:0.21	47,13.26:46.15,18.43:62.02,0.01:0.32	0,NaN:NaN,NaN:NaN,0.01:0.32	579,3.85:22.46,10.88:81.15,0.01:0.19
1270,5.23:29.44,5.36:86.91,0:0.32	6,3.5:12,2:10.67,0.02:0.15	45,9.31:32.69,30.96:50.6,0.05:0.21	65,12.52:49.29,15.29:68.88,0.01:0.32	1,2:3,6:0,0.01:0.32	492,4.29:23.92,11.38:79.14,0.01:0.19
978,6.1:45.58,5.97:94.02,0:0.32	4,5.5:32.75,12.75:43.25,0.02:0.15	118,14.48:53.57,28.32:80.58,0.05:0.21	254,13.46:73.6,18:86.12,0.01:0.32	5,3.6:27.6,4.4:24.4,0.01:0.32	274,4.14:30.82,11.64:83.75,0.01:0.19
2317,4.39:38.32,5.26:91.64,0:0.32	8,2.25:17.88,2.25:23.25,0.02:0.15	69,10.43:47.91,24.99:75.3,0.05:0.21	63,9.05:56.56,17.41:81.59,0.01:0.32	4,2:15.25,6:20.5,0.01:0.32	862,3.77:34.19,10.58:89.16,0.01:0.19
3192,3.4:31.49,5.01:88.99,0:0.32	9,1.67:13.67,3:20.78,0.02:0.15	53,8.3:37.79,24.21:69,0.05:0.21	52,8.52:55.88,19.58:78.83,0.01:0.32	6,2:23.83,6:27.83,0.01:0.32	1469,3.21:28.36,9.41:87.07,0.01:0.19
154,22.41:67.89,26.98:81.47,0:0.32	5,1.6:98,2.4:99,0.02:0.15	11,16.45:23.27,34:6.55,0.05:0.21	24,12.58:71.21,24.38:57.96,0.01:0.32	0,NaN:NaN,NaN:NaN,0.01:0.32	48,10.06:38.58,24.6:60.79,0.01:0.19
450,8.26:28.28,8.92:74.29,0:0.32	4,6.75:24.25,0.75:35.5,0.02:0.15	44,11:21.86,32.43:16.11,0.05:0.21	40,14.2:36.5,10.7:42.02,0.01:0.32	3,2.33:5.67,7:0,0.01:0.32	148,6.25:18.55,12.67:62.14,0.01:0.19
1165,4.78:15.91,6.25:67.24,0:0.32	6,1.67:8.33,5:10,0.02:0.15	58,9.55:22.28,28.9:21.71,0.05:0.21	59,10.51:22.51,16.32:27.61,0.01:0.32	2,3:4.5,8.5:9,0.01:0.32	491,3.88:12.47,10.56:57.08,0.01:0.19
806,5.74:19.34,7.49:71.71,0:0.32	5,1.4:14.6,4.2:24.4,0.02:0.15	44,9.95:20.59,30.3:19.25,0.05:0.21	25,10.36:27.92,17.8:34.92,0.01:0.32	4,2:4,6:0,0.01:0.32	314,4.39:14.27,11.32:61.74,0.01:0.19
454,8.48:26.57,10.33:74.52,0:0.32	2,5:20,1.5:28,0.02:0.15	40,12.18:24.65,37.4:15.47,0.05:0.21	30,12.4:33.5,15.23:39.53,0.01:0.32	1,2:3,6:0,0.01:0.32	136,6.16:18.47,15.15:59.54,0.01:0.19
